{"loss": [6.979158401489258, 4.671749591827393, 3.4459102153778076, 2.747394561767578, 2.3050777912139893, 1.9739264249801636, 1.7350144386291504, 1.5410494804382324, 1.3976225852966309, 1.276416301727295], "accuracy": [0.07296314090490341, 0.23501482605934143, 0.36524486541748047, 0.4575573801994324, 0.5202819108963013, 0.5737801194190979, 0.6134581565856934, 0.6484488248825073, 0.6753629446029663, 0.6984424591064453], "char_accuracy": [0.27786019444465637, 0.5290889739990234, 0.6326659917831421, 0.693259596824646, 0.7317488789558411, 0.7619751691818237, 0.7840006947517395, 0.8039622902870178, 0.8188236355781555, 0.831254780292511], "2_char_accuracy": [0.1683313548564911, 0.4017100930213928, 0.5264390707015991, 0.602674126625061, 0.6533326506614685, 0.6923421025276184, 0.7220830917358398, 0.7480002045631409, 0.7676742672920227, 0.784231424331665], "3_char_accuracy": [0.11538729816675186, 0.3210303783416748, 0.45158302783966064, 0.5371689200401306, 0.5942829251289368, 0.639165461063385, 0.6741531491279602, 0.7034711241722107, 0.7273097038269043, 0.7457823753356934], "weighted_bleu_score": [0.2527325749397278, 0.4781161844730377, 0.5879422426223755, 0.654564380645752, 0.6982106566429138, 0.7322546243667603, 0.7576882243156433, 0.7799444198608398, 0.7972787022590637, 0.8112915754318237]}