{"loss": [1.9151253700256348, 1.0170482397079468, 0.703575611114502, 0.5518395304679871, 0.4817608594894409, 0.43298524618148804, 0.4010976552963257, 0.36945202946662903, 0.3454616069793701, 0.3335075080394745], "accuracy": [0.47414490580558777, 0.7270346283912659, 0.792785108089447, 0.8263893127441406, 0.8411833047866821, 0.8513998985290527, 0.8589922189712524, 0.8649395108222961, 0.8699020147323608, 0.8733460903167725], "val_loss": [1.430567979812622, 0.9274290204048157, 0.7692241072654724, 0.7328828573226929, 0.6900615692138672, 0.6863963603973389, 0.7440134882926941, 0.6564419865608215, 0.6699380278587341, 0.6813984513282776], "val_accuracy": [0.6167333126068115, 0.7469666600227356, 0.7803333401679993, 0.7856666445732117, 0.7985000014305115, 0.795199990272522, 0.7925000190734863, 0.8064666390419006, 0.8060333132743835, 0.8054666519165039]}