{"loss": [1.8051409721374512, 0.7910470962524414, 0.5795868635177612, 0.4768168330192566, 0.4262183904647827, 0.3985137641429901, 0.3813879191875458, 0.3627418875694275, 0.3531327545642853, 0.3434588313102722], "accuracy": [0.5623531937599182, 0.7779030799865723, 0.8204200267791748, 0.8433729410171509, 0.8536170721054077, 0.8588216304779053, 0.8615614771842957, 0.8649560213088989, 0.8676298260688782, 0.8695939183235168], "val_loss": [0.9104701280593872, 0.7917932271957397, 0.6831801533699036, 0.646803081035614, 0.654380738735199, 0.6449512839317322, 0.6506310701370239, 0.6419171094894409, 0.6451256275177002, 0.6467918157577515], "val_accuracy": [0.7471333146095276, 0.7727000117301941, 0.7963333129882812, 0.8040666580200195, 0.8031666874885559, 0.8051999807357788, 0.807033360004425, 0.8088666796684265, 0.8100333213806152, 0.8100666403770447]}