{"masked_loss": [1.5479984283447266, 0.907667875289917, 0.6502727270126343, 0.5001885890960693, 0.39898061752319336, 0.32700374722480774, 0.2728680968284607, 0.23214633762836456, 0.2013532817363739, 0.17814017832279205], "masked_accuracy": [0.4801119863986969, 0.700079083442688, 0.7867062091827393, 0.8368750214576721, 0.8705869913101196, 0.8942756056785583, 0.9116160273551941, 0.9246209859848022, 0.9341570138931274, 0.941459596157074], "bleu_score": [0.41218021512031555, 0.7464665174484253, 0.846194863319397, 0.8915513753890991, 0.9160541296005249, 0.9307053089141846, 0.940625011920929, 0.9482414722442627, 0.9537405371665955, 0.957771897315979], "1_char_accuracy": [0.5339733958244324, 0.8520026206970215, 0.9007042050361633, 0.922078549861908, 0.9358329772949219, 0.9453510046005249, 0.9531965255737305, 0.9599196910858154, 0.9649648070335388, 0.9687280058860779], "2_char_accuracy": [0.2800891399383545, 0.7182933688163757, 0.8431227803230286, 0.8921599984169006, 0.9178532361984253, 0.933797299861908, 0.9447623491287231, 0.9534165859222412, 0.959705114364624, 0.9645906686782837], "3_char_accuracy": [0.15078124403953552, 0.5678586959838867, 0.7702904939651489, 0.8575704097747803, 0.900286078453064, 0.9239106774330139, 0.9384793043136597, 0.9488886594772339, 0.9562720060348511, 0.9614271521568298]}