{"masked_loss": [1.4103302955627441, 0.7702699899673462, 0.49974629282951355, 0.36645761132240295, 0.28703054785728455, 0.23414717614650726, 0.1972378045320511, 0.1703740805387497, 0.1489514261484146, 0.13329696655273438], "masked_accuracy": [0.5363254547119141, 0.7534175515174866, 0.8403847217559814, 0.8816630840301514, 0.9064602851867676, 0.9227713346481323, 0.9340507984161377, 0.9427191019058228, 0.9491214156150818, 0.9538539052009583], "bleu_score": [0.48388051986694336, 0.7335696816444397, 0.8027811646461487, 0.8346728086471558, 0.8567038774490356, 0.871341347694397, 0.8832203149795532, 0.8927569389343262, 0.9003878831863403, 0.9069845080375671], "1_char_accuracy": [0.6082691550254822, 0.8489711880683899, 0.8804192543029785, 0.8926166296005249, 0.9018760919570923, 0.9084011912345886, 0.9142440557479858, 0.9195587635040283, 0.9239822030067444, 0.9281250238418579], "2_char_accuracy": [0.3952079713344574, 0.7172425389289856, 0.8033175468444824, 0.8372799158096313, 0.8600737452507019, 0.8742077350616455, 0.8863941431045532, 0.8961817622184753, 0.9035266041755676, 0.9103103280067444], "3_char_accuracy": [0.19549955427646637, 0.5354423522949219, 0.6895906925201416, 0.7585497498512268, 0.8017220497131348, 0.829604983329773, 0.8505831956863403, 0.866098165512085, 0.8785816431045532, 0.8890680074691772]}